<?xml version="1.0" encoding="UTF-8"?>
<project-private xmlns="http://www.netbeans.org/ns/project-private/1">
    <editor-bookmarks xmlns="http://www.netbeans.org/ns/editor-bookmarks/2" lastBookmarkId="0"/>
    <open-files xmlns="http://www.netbeans.org/ns/projectui-open-files/2">
        <group>
            <file>file:/F:/HOCTAP/k2-nam4/LT%20nang%20cao/nhom/NHOM2/Khanh/huyenbc/WebSpring/web/WEB-INF/dispatcher-servlet.xml</file>
            <file>file:/F:/HOCTAP/k2-nam4/LT%20nang%20cao/nhom/NHOM2/Khanh/huyenbc/WebSpring/web/WEB-INF/jsp/xinchao.jsp</file>
            <file>file:/F:/HOCTAP/k2-nam4/LT%20nang%20cao/nhom/NHOM2/Khanh/huyenbc/WebSpring/web/redirect.jsp</file>
        </group>
    </open-files>
</project-private>
