<?xml version='1.0' encoding='UTF-8' ?>
<!-- was: <?xml version="1.0" encoding="UTF-8"?> -->
<beans xmlns="http://www.springframework.org/schema/beans"
       xmlns:xsi="http://www.w3.org/2001/XMLSchema-instance"
       xmlns:p="http://www.springframework.org/schema/p"
       xmlns:aop="http://www.springframework.org/schema/aop"
       xmlns:tx="http://www.springframework.org/schema/tx"
       xsi:schemaLocation="http://www.springframework.org/schema/beans http://www.springframework.org/schema/beans/spring-beans-4.0.xsd
       http://www.springframework.org/schema/aop http://www.springframework.org/schema/aop/spring-aop-4.0.xsd
       http://www.springframework.org/schema/tx http://www.springframework.org/schema/tx/spring-tx-4.0.xsd">

        
<!--    <bean id="dataSource"
        class="org.springframework.jdbc.datasource.DriverManagerDataSource">
        <property name="driverClassName" value="com.microsoft.sqlserver.jdbc.SQLServerDriver" />
        <property name="url" value="jdbc:sqlserver://localhost\KATSUKID:1433;databaseName=test" />
        <property name="username" value="sa" />
        <property name="password" value="123" />
    </bean>-->

<!--    <bean id="propertyConfigurer"
          class="org.springframework.beans.factory.config.PropertyPlaceholderConfigurer"
          p:location="/WEB-INF/jdbc.properties" />-->

<!--    <bean id="dataSource"
        class="org.springframework.jdbc.datasource.DriverManagerDataSource"
        p:driverClassName="${jdbc.driverClassName}"
        p:url="${jdbc.url}"
        p:username="${jdbc.username}"
        p:password="${jdbc.password}" />-->

    <!-- ADD PERSISTENCE SUPPORT HERE (jpa, hibernate, etc) -->

</beans>
